rider_id,rider_name,sign_up
1,Rider_1,2023-01-11
2,Rider_2,2023-11-08
3,Rider_3,2023-10-28
4,Rider_4,2024-07-17
5,Rider_5,2024-09-25
6,Rider_6,2022-03-03
7,Rider_7,2022-05-14
8,Rider_8,2024-08-31
9,Rider_9,2022-08-20
10,Rider_10,2023-12-21
11,Rider_11,2024-09-07
12,Rider_12,2024-08-02
13,Rider_13,2022-12-16
14,Rider_14,2023-08-02
15,Rider_15,2023-12-15
16,Rider_16,2025-05-22
17,Rider_17,2025-03-22
18,Rider_18,2022-09-18
19,Rider_19,2024-11-06
20,Rider_20,2022-07-30
21,Rider_21,2024-04-10
22,Rider_22,2022-08-08
23,Rider_23,2023-10-30
24,Rider_24,2025-02-12
25,Rider_25,2022-05-26
26,Rider_26,2023-09-11
27,Rider_27,2024-12-27
28,Rider_28,2024-08-02
29,Rider_29,2024-03-31
30,Rider_30,2025-04-24
31,Rider_31,2024-04-26
32,Rider_32,2023-05-04
33,Rider_33,2025-06-25
34,Rider_34,2023-05-15
35,Rider_35,2025-01-27
36,Rider_36,2022-11-22
37,Rider_37,2024-09-14
38,Rider_38,2024-02-26
39,Rider_39,2022-05-16
40,Rider_40,2023-11-29
41,Rider_41,2023-03-03
42,Rider_42,2025-04-25
43,Rider_43,2024-06-01
44,Rider_44,2024-06-10
45,Rider_45,2025-03-07
46,Rider_46,2023-12-02
47,Rider_47,2025-01-20
48,Rider_48,2023-04-29
49,Rider_49,2022-12-21
50,Rider_50,2022-06-09
51,Rider_51,2025-03-21
52,Rider_52,2024-09-23
53,Rider_53,2022-08-23
54,Rider_54,2025-04-27
55,Rider_55,2025-05-05
56,Rider_56,2024-08-06
57,Rider_57,2023-10-29
58,Rider_58,2025-02-10
59,Rider_59,2022-07-19
60,Rider_60,2024-06-30
61,Rider_61,2022-12-27
62,Rider_62,2023-09-23
63,Rider_63,2024-04-11
64,Rider_64,2022-05-23
65,Rider_65,2025-05-10
66,Rider_66,2022-08-11
67,Rider_67,2025-05-06
68,Rider_68,2024-02-16
69,Rider_69,2023-11-02
70,Rider_70,2024-10-09
71,Rider_71,2022-05-06
72,Rider_72,2022-07-05
73,Rider_73,2023-03-22
74,Rider_74,2022-10-12
75,Rider_75,2025-04-04
76,Rider_76,2022-01-01
77,Rider_77,2022-10-28
78,Rider_78,2022-11-02
79,Rider_79,2024-07-16
80,Rider_80,2024-12-24
81,Rider_81,2023-08-20
82,Rider_82,2024-03-09
83,Rider_83,2025-06-14
84,Rider_84,2025-03-29
85,Rider_85,2024-07-04
86,Rider_86,2023-02-05
87,Rider_87,2023-02-26
88,Rider_88,2023-10-11
89,Rider_89,2023-09-06
90,Rider_90,2025-03-13
91,Rider_91,2023-09-16
92,Rider_92,2024-06-09
93,Rider_93,2023-12-07
94,Rider_94,2022-07-02
95,Rider_95,2025-04-08
96,Rider_96,2022-01-17
97,Rider_97,2025-06-06
98,Rider_98,2024-11-11
99,Rider_99,2024-04-07
100,Rider_100,2022-09-19
101,Rider_101,2023-08-26
102,Rider_102,2022-05-08
103,Rider_103,2024-01-27
104,Rider_104,2025-01-29
105,Rider_105,2022-04-19
106,Rider_106,2022-01-02
107,Rider_107,2025-02-20
108,Rider_108,2024-01-06
109,Rider_109,2022-08-13
110,Rider_110,2023-08-01
111,Rider_111,2022-03-05
112,Rider_112,2023-04-27
113,Rider_113,2024-06-03
114,Rider_114,2025-04-23
115,Rider_115,2024-03-18
116,Rider_116,2023-10-14
117,Rider_117,2024-02-23
118,Rider_118,2024-04-11
119,Rider_119,2024-02-21
120,Rider_120,2024-06-10
121,Rider_121,2025-01-21
122,Rider_122,2023-03-09
123,Rider_123,2022-12-22
124,Rider_124,2024-08-30
125,Rider_125,2022-10-12
126,Rider_126,2023-01-21
127,Rider_127,2025-02-11
128,Rider_128,2024-02-27
129,Rider_129,2024-01-08
130,Rider_130,2024-05-04
131,Rider_131,2022-11-12
132,Rider_132,2023-08-14
133,Rider_133,2022-09-15
134,Rider_134,2022-10-03
135,Rider_135,2022-01-24
136,Rider_136,2022-05-27
137,Rider_137,2022-02-02
138,Rider_138,2022-10-22
139,Rider_139,2024-09-23
140,Rider_140,2024-06-13
141,Rider_141,2022-10-06
142,Rider_142,2022-06-23
143,Rider_143,2022-10-09
144,Rider_144,2024-05-01
145,Rider_145,2024-07-22
146,Rider_146,2025-05-22
147,Rider_147,2024-05-21
148,Rider_148,2025-06-30
149,Rider_149,2023-01-04
150,Rider_150,2024-07-19
151,Rider_151,2024-11-09
152,Rider_152,2024-05-18
153,Rider_153,2025-02-04
154,Rider_154,2024-07-10
155,Rider_155,2024-02-27
156,Rider_156,2023-12-29
157,Rider_157,2023-04-08
158,Rider_158,2023-01-16
159,Rider_159,2024-05-19
160,Rider_160,2025-05-23
161,Rider_161,2022-01-16
162,Rider_162,2025-03-29
163,Rider_163,2024-10-17
164,Rider_164,2023-04-30
165,Rider_165,2024-10-24
166,Rider_166,2023-07-06
167,Rider_167,2024-04-21
168,Rider_168,2025-01-23
169,Rider_169,2025-03-26
170,Rider_170,2024-01-22
171,Rider_171,2022-03-10
172,Rider_172,2022-03-19
173,Rider_173,2025-03-09
174,Rider_174,2024-09-16
175,Rider_175,2024-01-25
176,Rider_176,2022-08-20
177,Rider_177,2025-04-03
178,Rider_178,2024-09-13
179,Rider_179,2022-06-13
180,Rider_180,2022-10-18
181,Rider_181,2024-12-14
182,Rider_182,2023-07-27
183,Rider_183,2024-08-10
184,Rider_184,2024-11-24
185,Rider_185,2022-06-10
186,Rider_186,2024-12-07
187,Rider_187,2025-06-03
188,Rider_188,2022-07-01
189,Rider_189,2023-05-18
190,Rider_190,2024-08-25
191,Rider_191,2022-06-09
192,Rider_192,2025-01-09
193,Rider_193,2025-04-02
194,Rider_194,2023-10-02
195,Rider_195,2025-06-09
196,Rider_196,2022-04-19
197,Rider_197,2023-12-05
198,Rider_198,2024-12-31
199,Rider_199,2022-01-23
200,Rider_200,2024-08-18
201,Rider_201,2024-07-18
202,Rider_202,2024-11-15
203,Rider_203,2024-08-18
204,Rider_204,2025-03-21
205,Rider_205,2023-11-10
206,Rider_206,2024-05-12
207,Rider_207,2023-12-24
208,Rider_208,2023-08-27
209,Rider_209,2023-08-16
210,Rider_210,2022-12-10
211,Rider_211,2022-03-14
212,Rider_212,2025-05-08
213,Rider_213,2023-09-15
214,Rider_214,2025-02-28
215,Rider_215,2023-06-18
216,Rider_216,2022-05-06
217,Rider_217,2024-08-27
218,Rider_218,2025-03-30
219,Rider_219,2022-12-13
220,Rider_220,2025-03-19
221,Rider_221,2022-04-16
222,Rider_222,2023-08-21
223,Rider_223,2022-02-25
224,Rider_224,2023-08-11
225,Rider_225,2024-09-19
226,Rider_226,2022-06-18
227,Rider_227,2022-09-17
228,Rider_228,2024-11-01
229,Rider_229,2022-06-07
230,Rider_230,2023-07-24
231,Rider_231,2023-06-01
232,Rider_232,2022-09-29
233,Rider_233,2025-06-15
234,Rider_234,2023-07-30
235,Rider_235,2023-07-18
236,Rider_236,2023-06-11
237,Rider_237,2022-01-30
238,Rider_238,2022-08-17
239,Rider_239,2025-05-21
240,Rider_240,2022-12-24
241,Rider_241,2025-04-26
242,Rider_242,2022-11-06
243,Rider_243,2024-07-03
244,Rider_244,2024-01-28
245,Rider_245,2022-12-26
246,Rider_246,2023-06-20
247,Rider_247,2023-04-29
248,Rider_248,2024-09-20
249,Rider_249,2023-01-06
250,Rider_250,2024-12-16
251,Rider_251,2022-03-09
252,Rider_252,2023-12-04
253,Rider_253,2022-06-22
254,Rider_254,2022-10-25
255,Rider_255,2025-05-04
256,Rider_256,2022-11-12
257,Rider_257,2024-10-12
258,Rider_258,2024-04-25
259,Rider_259,2024-02-24
260,Rider_260,2023-05-03
261,Rider_261,2024-06-20
262,Rider_262,2022-12-09
263,Rider_263,2023-03-08
264,Rider_264,2025-03-29
265,Rider_265,2023-12-08
266,Rider_266,2022-04-22
267,Rider_267,2023-06-26
268,Rider_268,2022-08-26
269,Rider_269,2022-04-18
270,Rider_270,2022-12-10
271,Rider_271,2024-08-08
272,Rider_272,2024-03-27
273,Rider_273,2024-09-02
274,Rider_274,2023-09-10
275,Rider_275,2024-09-02
276,Rider_276,2024-12-26
277,Rider_277,2023-04-24
278,Rider_278,2024-02-17
279,Rider_279,2024-03-09
280,Rider_280,2024-08-29
281,Rider_281,2023-06-22
282,Rider_282,2022-10-25
283,Rider_283,2024-12-22
284,Rider_284,2024-06-09
285,Rider_285,2022-01-25
286,Rider_286,2023-08-15
287,Rider_287,2024-07-08
288,Rider_288,2024-02-22
289,Rider_289,2023-10-09
290,Rider_290,2024-12-21
291,Rider_291,2022-03-26
292,Rider_292,2022-07-19
293,Rider_293,2024-12-24
294,Rider_294,2023-12-26
295,Rider_295,2024-06-03
296,Rider_296,2025-06-04
297,Rider_297,2023-07-13
298,Rider_298,2023-11-18
299,Rider_299,2023-07-08
300,Rider_300,2023-07-01
301,Rider_301,2022-07-21
302,Rider_302,2023-06-07
303,Rider_303,2025-04-11
304,Rider_304,2024-03-12
305,Rider_305,2024-08-02
306,Rider_306,2023-05-11
307,Rider_307,2025-04-20
308,Rider_308,2023-02-04
309,Rider_309,2024-11-30
310,Rider_310,2023-11-23
311,Rider_311,2023-01-04
312,Rider_312,2023-10-04
313,Rider_313,2025-01-26
314,Rider_314,2022-01-22
315,Rider_315,2022-01-18
316,Rider_316,2022-05-20
317,Rider_317,2022-01-25
318,Rider_318,2024-04-22
319,Rider_319,2022-07-20
320,Rider_320,2024-12-11
321,Rider_321,2022-08-01
322,Rider_322,2024-07-02
323,Rider_323,2023-12-21
324,Rider_324,2023-03-26
325,Rider_325,2023-08-04
326,Rider_326,2023-05-31
327,Rider_327,2023-01-31
328,Rider_328,2022-03-11
329,Rider_329,2022-02-18
330,Rider_330,2025-06-22
331,Rider_331,2022-07-08
332,Rider_332,2022-04-27
333,Rider_333,2025-05-01
334,Rider_334,2023-03-21
335,Rider_335,2025-05-12
336,Rider_336,2022-09-07
337,Rider_337,2022-09-03
338,Rider_338,2022-06-26
339,Rider_339,2025-05-23
340,Rider_340,2022-09-24
341,Rider_341,2024-02-09
342,Rider_342,2025-03-05
343,Rider_343,2023-01-14
344,Rider_344,2022-08-16
345,Rider_345,2023-01-13
346,Rider_346,2023-06-03
347,Rider_347,2023-08-27
348,Rider_348,2024-08-14
349,Rider_349,2022-06-05
350,Rider_350,2024-07-17
351,Rider_351,2023-07-21
352,Rider_352,2024-05-24
353,Rider_353,2023-10-25
354,Rider_354,2023-06-12
355,Rider_355,2022-11-28
356,Rider_356,2022-06-01
357,Rider_357,2023-07-22
358,Rider_358,2022-05-08
359,Rider_359,2024-02-23
360,Rider_360,2024-03-06
361,Rider_361,2023-11-13
362,Rider_362,2022-05-04
363,Rider_363,2023-06-13
364,Rider_364,2023-06-27
365,Rider_365,2022-12-31
366,Rider_366,2024-06-21
367,Rider_367,2022-05-23
368,Rider_368,2024-10-04
369,Rider_369,2023-02-15
370,Rider_370,2025-06-03
371,Rider_371,2024-03-15
372,Rider_372,2023-01-01
373,Rider_373,2024-10-04
374,Rider_374,2022-08-11
375,Rider_375,2022-10-22
376,Rider_376,2025-01-12
377,Rider_377,2024-06-02
378,Rider_378,2023-03-24
379,Rider_379,2025-06-11
380,Rider_380,2022-08-06
381,Rider_381,2024-06-23
382,Rider_382,2023-06-15
383,Rider_383,2022-07-31
384,Rider_384,2022-03-13
385,Rider_385,2022-05-30
386,Rider_386,2022-05-25
387,Rider_387,2025-03-16
388,Rider_388,2023-05-29
389,Rider_389,2024-07-02
390,Rider_390,2022-02-08
391,Rider_391,2024-10-16
392,Rider_392,2022-11-01
393,Rider_393,2022-01-02
394,Rider_394,2022-03-19
395,Rider_395,2024-03-10
396,Rider_396,2023-06-30
397,Rider_397,2022-11-07
398,Rider_398,2023-11-07
399,Rider_399,2024-03-12
400,Rider_400,2025-03-22
401,Rider_401,2022-01-08
402,Rider_402,2024-11-21
403,Rider_403,2024-10-01
404,Rider_404,2024-09-06
405,Rider_405,2024-06-12
406,Rider_406,2024-04-07
407,Rider_407,2022-05-24
408,Rider_408,2025-01-11
409,Rider_409,2023-04-08
410,Rider_410,2022-01-07
411,Rider_411,2024-02-27
412,Rider_412,2024-09-14
413,Rider_413,2022-09-06
414,Rider_414,2025-03-07
415,Rider_415,2025-01-01
416,Rider_416,2024-01-06
417,Rider_417,2023-11-14
418,Rider_418,2023-09-13
419,Rider_419,2024-03-31
420,Rider_420,2022-04-24
421,Rider_421,2022-07-05
422,Rider_422,2024-01-19
423,Rider_423,2024-12-30
424,Rider_424,2023-11-28
425,Rider_425,2022-06-14
426,Rider_426,2024-07-30
427,Rider_427,2023-08-17
428,Rider_428,2023-02-20
429,Rider_429,2022-12-28
430,Rider_430,2025-02-09
431,Rider_431,2022-03-22
432,Rider_432,2024-02-26
433,Rider_433,2023-01-27
434,Rider_434,2023-09-05
435,Rider_435,2024-03-09
436,Rider_436,2022-08-07
437,Rider_437,2024-01-06
438,Rider_438,2024-09-23
439,Rider_439,2022-06-23
440,Rider_440,2024-06-15
441,Rider_441,2023-01-24
442,Rider_442,2022-10-14
443,Rider_443,2022-03-15
444,Rider_444,2023-01-31
445,Rider_445,2022-02-21
446,Rider_446,2025-04-29
447,Rider_447,2023-05-04
448,Rider_448,2024-09-28
449,Rider_449,2024-03-07
450,Rider_450,2022-05-10
451,Rider_451,2025-01-12
452,Rider_452,2023-09-23
453,Rider_453,2024-10-20
454,Rider_454,2024-12-29
455,Rider_455,2024-07-09
456,Rider_456,2022-02-03
457,Rider_457,2022-03-17
458,Rider_458,2023-11-26
459,Rider_459,2022-04-25
460,Rider_460,2023-11-23
461,Rider_461,2022-03-29
462,Rider_462,2024-04-10
463,Rider_463,2022-08-31
464,Rider_464,2023-03-10
465,Rider_465,2024-12-07
466,Rider_466,2024-07-27
467,Rider_467,2025-01-03
468,Rider_468,2022-11-02
469,Rider_469,2025-04-01
470,Rider_470,2023-04-23
471,Rider_471,2022-05-28
472,Rider_472,2022-03-17
473,Rider_473,2022-10-17
474,Rider_474,2024-09-28
475,Rider_475,2022-02-09
476,Rider_476,2024-08-23
477,Rider_477,2025-06-20
478,Rider_478,2022-04-04
479,Rider_479,2023-05-13
480,Rider_480,2022-09-25
481,Rider_481,2022-01-30
482,Rider_482,2022-12-19
483,Rider_483,2022-04-13
484,Rider_484,2023-09-22
485,Rider_485,2022-07-19
486,Rider_486,2024-07-23
487,Rider_487,2025-06-05
488,Rider_488,2022-12-16
489,Rider_489,2025-04-25
490,Rider_490,2022-05-11
491,Rider_491,2022-08-06
492,Rider_492,2022-08-22
493,Rider_493,2024-10-15
494,Rider_494,2025-05-03
495,Rider_495,2025-06-14
496,Rider_496,2023-03-28
497,Rider_497,2022-05-10
498,Rider_498,2023-02-20
499,Rider_499,2024-05-22
500,Rider_500,2023-11-22
